study_hours,attendance_pct,previous_score,assignments_completed,sleep_hours,passed
7.97,80.49,70.79,8,5.42,1
4.95,79.79,82.54,4,8.13,0
8.73,92.28,80.18,4,4.98,1
7.28,86.97,88.55,3,7.26,1
1.85,56.2,83.35,2,7.86,0
9.78,57.23,49.84,6,7.88,1
7.85,82.07,68.35,10,5.36,1
8.07,76.88,52.84,3,4.78,1
2.15,66.71,54.79,5,6.52,0
5.05,73.84,90.92,10,5.41,1
4.34,89.11,75.91,8,7.65,1
9.34,92.2,93.48,2,6.11,1
6.79,80.26,60.01,6,6.52,1
8.4,72.34,67.25,3,5.01,1
4.99,67.18,64.23,4,7.05,1
3.05,78.49,41.44,4,5.33,1
5.99,69.16,49.2,7,7.56,1
1.57,80.38,66.66,3,4.82,0
8.45,85.45,39.04,4,8.89,1
6.68,57.97,90.89,4,7.58,1
7.82,55.05,42.43,5,5.32,1
4.19,64.55,46.88,7,4.56,1
9.74,95.25,80.92,5,6.01,1
9.04,84.08,40.82,4,5.19,1
8.01,62.74,89.02,6,5.48,1
2.75,95.06,78.54,7,8.43,1
5.2,76.15,39.12,2,7.21,0
1.39,76.42,76.51,10,5.29,0
2.39,97.1,72.9,10,7.0,1
7.15,57.68,80.44,7,5.65,1
7.7,64.68,84.69,7,8.89,1
9.71,81.36,78.1,8,4.65,1
3.93,63.8,70.17,5,7.8,1
4.33,85.58,54.35,5,7.98,1
5.23,64.63,76.84,5,4.8,1
2.71,59.46,92.42,3,5.27,0
2.17,64.31,70.25,9,6.23,0
5.28,74.02,74.86,4,8.41,1
3.04,62.93,61.23,4,6.92,0
7.03,61.06,80.37,10,7.45,1
4.93,93.71,94.86,6,8.02,1
8.49,69.42,44.62,7,8.23,1
7.3,71.23,47.14,4,6.64,1
3.81,57.49,67.37,4,6.79,1
8.49,71.08,63.88,8,7.73,1
8.24,66.92,69.29,6,5.69,1
4.49,82.47,37.94,3,8.35,1
3.59,64.24,59.26,9,4.59,0
7.14,94.98,69.98,5,5.38,1
2.26,96.83,70.11,8,8.1,1
2.8,59.49,74.44,5,6.03,0
1.07,59.83,78.21,7,5.17,1
8.08,60.19,73.49,8,5.34,1
6.98,82.88,82.41,9,6.89,1
7.35,60.49,72.49,3,8.31,1
8.03,93.36,67.25,8,4.82,1
5.13,88.94,71.37,10,4.64,1
6.12,91.89,41.07,7,6.59,1
2.26,78.67,51.39,3,8.8,0
2.03,99.85,66.64,3,5.76,1
7.02,56.99,87.38,3,8.82,1
5.24,73.06,75.74,2,8.49,1
6.09,69.58,40.42,8,5.77,1
7.88,97.69,70.54,10,8.18,1
6.71,80.96,48.3,6,7.59,1
5.98,91.28,79.04,7,6.8,1
6.03,62.67,84.65,8,6.4,1
3.74,99.04,70.61,5,8.17,1
1.28,77.44,70.48,6,8.07,0
4.93,77.22,55.32,7,7.91,0
2.93,98.69,61.78,4,8.99,1
4.68,72.13,86.85,2,6.65,1
8.68,72.89,78.4,7,8.13,1
3.11,81.31,66.19,9,8.38,1
1.52,60.76,57.09,2,5.45,0
3.53,69.45,38.02,3,4.69,0
3.64,63.69,43.58,4,6.32,0
6.96,59.65,46.58,9,8.36,1
6.01,93.98,57.4,6,5.8,1
8.06,81.52,91.65,6,7.65,1
6.98,71.14,65.31,7,4.53,1
4.66,73.39,49.09,4,6.1,1
8.33,74.42,41.35,8,7.27,1
2.5,83.49,55.3,2,5.08,0
1.2,96.7,83.94,3,8.53,0
1.81,96.98,58.0,9,5.2,0
7.5,72.62,81.35,7,8.59,1
5.16,69.82,83.16,3,5.47,1
2.45,75.3,41.65,5,8.97,1
5.51,80.56,71.52,2,7.22,1
2.37,75.78,92.55,8,4.88,1
7.27,84.64,59.13,8,4.79,1
5.02,79.95,38.06,4,4.84,0
4.43,69.43,90.4,5,7.15,1
3.71,70.56,88.02,4,8.14,1
6.67,72.04,66.33,5,6.31,1
4.26,59.26,68.14,4,6.5,1
1.79,62.47,47.7,4,7.15,0
2.06,87.54,84.17,5,6.9,1
9.66,72.51,64.92,9,7.6,1
9.18,64.65,37.03,8,6.62,1
7.3,80.32,75.98,4,7.71,1
3.39,89.0,92.03,10,8.99,1
9.72,66.58,84.75,3,6.08,1
8.01,92.21,51.63,10,4.55,1
7.45,96.74,38.2,4,5.07,1
5.04,81.88,91.42,6,6.99,1
3.45,85.1,91.22,3,6.05,0
1.87,57.37,66.94,8,8.73,0
9.12,97.55,73.54,4,7.32,1
5.1,72.66,62.76,9,6.84,1
2.82,96.58,60.19,2,8.09,1
3.75,81.05,42.17,6,5.66,0
6.21,55.21,40.81,3,8.19,0
2.59,56.73,48.96,10,4.51,0
8.71,85.62,85.2,5,7.29,1
7.83,80.32,43.75,8,8.71,1
7.48,56.19,48.6,9,8.05,1
4.89,88.46,67.92,6,8.34,1
6.65,93.35,47.91,2,6.29,1
6.26,77.34,44.79,3,8.21,1
6.85,75.96,68.8,3,6.98,1
1.76,55.25,57.09,10,7.28,0
4.74,90.4,72.57,10,4.77,1
1.37,69.88,89.73,6,5.41,0
5.45,94.54,44.06,10,6.98,1
3.97,71.79,89.81,4,4.76,1
2.3,80.43,89.15,8,7.84,1
1.93,67.17,84.75,5,8.28,0
6.29,62.23,72.88,4,8.64,1
2.54,89.87,72.21,4,4.96,0
9.33,77.35,73.35,5,8.73,1
6.23,79.14,76.43,5,4.8,1
4.12,98.44,35.99,3,6.63,0
6.32,98.36,92.49,5,8.28,1
1.21,93.5,70.14,3,4.82,0
9.63,63.44,81.89,10,4.58,1
5.34,81.74,57.64,5,4.61,1
8.04,94.52,35.74,2,6.8,1
1.74,71.85,65.58,7,8.15,1
5.38,59.55,65.43,9,5.07,1
5.42,91.49,61.22,5,5.06,0
9.44,76.68,55.38,9,7.06,1
6.15,80.4,49.99,7,5.55,1
5.26,99.2,66.65,8,7.79,1
3.4,82.32,57.52,4,8.77,0
3.98,74.12,93.2,2,7.95,1
5.69,71.65,45.38,5,8.45,0
4.95,73.79,54.18,10,6.84,1
1.19,60.33,52.64,9,8.25,0
8.44,90.76,67.6,9,5.32,1
9.07,92.7,64.96,9,4.81,1
2.26,67.8,73.62,5,7.45,0
5.99,68.67,92.0,4,4.73,1
1.98,94.35,52.11,10,8.52,1
7.05,56.08,76.57,7,7.61,1
3.53,78.42,36.5,4,8.78,0
6.93,75.87,50.74,4,5.91,1
7.54,86.06,62.82,9,6.69,1
7.92,62.35,36.86,2,7.84,1
1.97,85.07,72.06,2,5.59,0
9.24,71.95,75.7,8,6.94,1
3.07,82.84,79.8,2,7.47,0
1.34,56.8,65.99,3,8.9,0
5.99,75.78,71.24,10,7.85,1
4.34,78.5,58.76,5,5.03,1
8.47,64.64,37.48,8,6.64,1
8.27,61.28,41.0,6,7.15,1
3.85,63.48,74.3,2,5.16,0
9.58,70.49,94.73,3,6.44,1
3.62,59.36,35.95,8,5.78,1
5.64,97.63,68.46,2,5.03,1
3.3,73.22,80.06,7,6.8,0
9.42,91.4,84.61,5,5.25,1
2.48,98.85,67.71,5,7.16,1
1.4,58.63,72.19,10,5.26,0
4.92,84.33,76.8,7,7.76,1
9.93,94.21,86.54,7,5.38,1
9.03,83.54,42.34,5,8.53,1
7.74,74.31,90.57,5,4.62,1
9.02,74.4,36.56,8,6.85,1
9.04,56.62,85.17,2,5.94,1
5.67,79.06,39.6,4,5.51,0
3.84,99.71,46.68,7,6.62,1
7.95,98.14,35.23,7,8.29,1
6.95,56.82,61.72,2,8.62,1
4.36,86.76,55.06,9,5.86,1
1.85,68.58,44.96,6,5.19,0
7.72,95.63,62.07,4,7.74,1
3.36,57.03,59.14,8,7.12,0
9.43,97.11,81.06,10,5.4,1
3.17,92.69,88.59,5,7.92,1
2.1,60.29,74.15,4,6.84,0
8.48,57.69,42.46,4,7.44,1
2.38,92.56,52.72,7,6.12,1
2.61,62.01,89.8,2,6.48,1
6.39,79.07,40.32,6,5.31,1
8.87,96.21,59.41,2,7.9,1
2.77,80.54,91.55,2,5.21,1
3.79,72.88,92.04,5,8.0,1
8.0,75.03,59.67,8,8.09,1
9.75,57.84,75.04,9,7.86,1
5.51,98.59,62.4,2,4.59,0
2.3,68.98,80.21,4,5.73,0
1.13,63.52,36.89,5,6.61,0
3.07,67.87,43.65,7,7.18,0
2.19,98.4,71.85,10,8.64,1
7.1,59.24,48.95,8,6.19,1
2.1,94.03,74.96,6,8.44,1
5.56,86.85,56.07,2,5.24,1
7.25,92.35,88.2,2,6.17,1
6.23,98.92,84.16,3,4.74,1
2.8,92.9,64.57,7,7.84,1
8.24,97.45,81.37,4,5.18,1
7.44,60.71,51.27,4,5.66,0
7.65,90.81,64.66,8,7.99,1
2.18,79.56,46.85,9,6.91,0
2.11,79.46,86.65,5,4.56,0
9.35,95.45,84.38,9,4.51,1
4.58,98.73,89.13,8,6.8,1
3.71,86.72,87.65,8,5.87,1
5.4,76.73,92.58,9,5.31,1
6.97,75.54,48.7,3,7.26,1
9.6,72.39,90.91,8,5.53,1
3.58,71.27,69.27,10,7.16,1
9.32,72.62,60.35,10,6.21,1
1.22,59.04,68.62,7,5.34,0
6.0,58.48,55.56,8,5.12,0
6.71,90.09,52.31,9,5.57,1
1.95,75.07,49.48,9,4.63,0
2.26,96.88,39.95,10,5.89,0
4.77,82.55,64.79,9,8.56,1
9.7,56.58,88.27,5,8.24,1
6.36,62.09,72.81,8,6.17,1
9.4,64.26,66.26,5,7.09,1
8.24,98.91,60.72,9,7.05,1
5.21,64.84,62.86,9,8.23,1
8.06,78.21,47.56,10,5.56,1
1.16,97.13,84.38,7,5.83,0
1.98,98.97,46.9,6,5.86,0
8.46,65.64,78.0,3,4.68,1
8.17,57.21,80.6,7,5.92,1
3.09,61.91,69.49,7,8.45,1
5.78,57.85,86.78,6,8.6,1
6.45,63.78,52.46,8,4.99,1
8.81,80.59,87.9,9,6.56,1
6.43,96.06,78.76,3,6.22,1
4.71,79.17,82.92,5,6.7,1
4.37,83.17,74.87,8,7.0,1
4.83,64.08,85.78,9,4.59,1
6.87,91.03,94.59,9,8.29,1
8.81,82.8,60.21,9,8.88,1
5.09,93.89,83.83,9,7.44,1
3.23,97.7,79.67,10,7.47,1
3.13,70.66,62.17,7,6.88,0
7.71,59.08,90.62,4,6.0,1
8.35,65.17,58.67,7,5.17,1
1.95,74.7,68.93,8,7.13,1
1.6,97.56,41.36,2,4.7,0
6.35,72.02,48.55,8,8.21,1
2.32,89.68,85.44,6,6.39,1
8.42,79.32,58.79,10,6.37,1
3.79,63.23,58.65,3,5.97,0
2.29,69.43,49.76,10,8.86,0
9.29,84.39,64.5,6,5.29,1
2.49,85.28,83.35,7,5.18,0
3.56,74.56,88.71,7,5.24,1
2.38,65.29,39.21,7,7.46,0
2.04,87.49,69.49,10,8.96,1
1.19,62.6,63.04,3,5.56,0
1.5,97.15,71.86,8,8.58,1
2.57,63.46,61.84,10,5.75,1
1.48,59.83,58.92,3,7.42,0
6.32,77.39,63.31,4,4.68,1
7.13,78.38,69.92,6,6.73,1
4.54,77.87,65.06,8,7.45,1
3.86,74.65,63.33,10,6.91,1
5.54,99.77,84.07,9,5.57,1
8.88,76.88,79.74,9,8.23,1
8.66,76.51,55.48,5,8.87,1
1.39,73.98,83.03,7,6.57,0
2.63,58.01,86.22,3,7.36,0
3.13,81.68,44.21,6,8.06,0
3.24,65.26,69.96,3,5.59,0
6.14,83.69,52.12,2,8.39,1
4.75,57.29,79.35,9,5.76,0
1.44,99.16,49.33,9,7.99,1
4.36,76.11,75.28,6,5.0,1
5.71,95.35,50.31,2,5.8,1
1.92,76.4,65.67,2,6.9,0
8.5,57.71,91.92,3,6.86,1
1.47,92.0,57.88,8,8.33,1
9.32,84.17,87.54,3,8.98,1
1.89,90.18,94.22,4,4.98,0
8.59,74.27,87.49,9,5.72,1
9.12,83.71,44.95,9,6.11,1
9.82,93.53,84.18,8,6.66,1
8.22,83.4,36.93,4,6.72,1
8.02,70.65,58.6,7,8.35,1
6.78,84.81,87.24,3,7.97,1
8.01,85.23,76.33,9,4.58,1
2.21,98.23,66.96,2,6.55,0
5.82,71.69,58.27,8,7.28,1
5.63,74.13,83.74,6,6.57,1
8.72,91.55,77.57,8,5.09,1
5.17,77.76,63.1,6,6.29,1
4.47,88.15,88.55,3,6.35,1
6.76,75.69,48.8,8,5.34,1
3.4,64.7,45.22,7,7.9,1
2.26,88.53,73.57,6,5.95,0
5.3,60.9,93.32,5,7.15,1
4.75,63.94,49.84,5,6.82,0
3.09,83.21,49.98,6,8.45,0
4.31,88.63,43.37,4,5.05,1
4.3,95.26,86.63,4,5.01,1
3.95,67.27,48.58,4,5.85,0
4.42,59.98,65.19,2,6.44,0
7.17,98.02,94.45,10,5.84,1
3.67,61.95,35.73,4,7.93,0
9.54,63.9,68.39,3,5.6,1
9.25,68.11,65.74,3,4.88,1
5.33,78.82,83.45,10,6.36,1
3.96,94.73,56.32,6,7.98,1
5.82,89.22,59.62,4,8.33,1
8.64,86.87,45.08,5,7.8,1
6.87,62.88,79.45,2,7.01,1
8.24,71.1,82.08,4,7.76,1
5.79,76.53,43.2,4,7.57,1
6.7,61.63,58.61,9,5.55,1
3.59,67.3,88.57,2,6.98,1
7.61,68.87,35.16,5,7.97,1
2.82,60.73,52.93,9,5.93,0
7.25,79.76,68.3,9,7.44,1
8.75,86.73,55.05,6,6.67,1
2.19,58.15,51.32,4,6.76,0
6.53,76.65,62.6,5,4.91,1
1.86,90.2,45.89,4,7.5,0
7.53,88.66,66.78,7,8.4,1
1.76,91.68,77.4,4,5.14,0
9.42,75.17,69.52,7,6.15,1
2.24,91.93,40.59,7,4.72,0
9.63,65.83,85.66,10,4.63,1
8.21,71.24,45.5,5,8.95,1
6.34,62.94,80.89,10,6.72,1
8.04,76.04,56.63,5,6.1,1
8.16,72.64,81.97,8,5.74,1
9.51,65.84,47.38,7,8.91,1
3.28,88.83,46.2,9,5.64,1
6.31,69.12,64.82,6,7.77,1
1.86,67.28,36.98,9,5.78,0
6.55,60.89,48.52,5,4.82,0
2.54,74.75,78.44,6,7.57,1
6.08,68.63,85.24,6,4.51,1
6.15,71.62,39.85,8,7.54,0
5.19,65.62,87.92,7,5.63,1
5.7,89.34,82.85,2,7.86,1
7.88,96.85,87.18,9,7.96,1
8.19,77.41,76.91,8,7.76,1
5.43,83.93,75.45,2,4.61,0
6.4,94.02,66.51,10,7.67,1
9.38,99.95,74.17,7,8.96,1
2.08,82.61,90.15,2,5.59,0
2.05,95.04,41.03,6,5.73,0
1.79,95.89,53.95,9,8.16,1
6.92,90.62,39.35,4,5.22,1
4.77,75.74,91.69,10,7.47,1
7.97,58.65,61.72,5,7.9,1
7.04,55.71,75.52,4,4.67,0
4.0,76.47,85.47,5,6.99,1
9.09,77.24,94.46,6,7.09,1
7.86,73.33,44.71,8,5.87,1
3.43,80.57,82.97,10,8.44,1
4.28,79.85,88.25,3,5.23,0
3.83,92.65,37.93,10,6.14,0
2.42,59.89,80.25,6,8.32,0
2.33,65.13,56.28,3,5.36,0
9.43,90.69,73.92,10,8.2,1
4.94,93.15,65.84,5,4.86,0
4.45,99.77,50.58,7,6.7,1
7.57,94.28,43.11,8,4.84,1
5.98,95.05,42.02,2,7.55,1
9.43,69.15,41.2,3,8.06,1
8.02,73.07,73.27,8,8.32,1
5.31,67.06,56.08,4,8.92,1
4.39,82.28,48.0,2,7.52,0
9.88,97.25,76.51,2,7.96,1
7.46,70.51,76.21,9,6.78,1
9.56,80.07,67.35,3,8.61,1
2.07,68.33,91.1,2,7.4,0
8.65,62.64,58.12,7,8.48,1
6.73,63.78,85.15,3,5.56,1
2.1,57.61,39.51,7,6.74,0
6.29,97.72,79.39,6,7.78,1
7.17,73.13,94.31,7,5.41,1
1.11,92.54,85.8,6,5.45,0
5.09,85.66,69.78,9,8.9,1
8.43,63.64,72.61,7,6.46,1
3.66,62.9,56.2,5,5.32,0
5.13,91.54,75.77,2,5.99,1
4.98,66.91,81.22,4,6.29,1
3.72,96.1,94.89,3,7.3,1
9.27,61.3,64.55,2,8.65,1
8.03,85.5,38.68,4,8.94,1
2.0,91.65,70.75,3,7.43,0
9.97,65.59,42.14,2,7.65,1
8.91,67.43,49.69,4,5.95,1
3.56,98.4,54.73,6,8.36,1
8.53,66.91,78.86,3,5.48,1
1.96,74.35,46.03,4,4.98,0
9.99,74.46,44.95,2,8.88,1
6.99,66.39,37.7,2,8.39,0
6.85,89.91,87.39,3,5.87,1
1.81,89.73,76.61,6,7.54,1
9.07,72.02,37.4,7,6.6,1
1.26,92.58,36.7,9,5.95,0
3.17,64.59,68.52,7,5.79,0
2.29,55.19,51.95,7,5.11,0
7.99,80.7,70.8,10,6.97,1
2.78,99.73,61.08,4,6.51,0
9.2,56.74,90.4,9,6.8,1
6.91,64.36,52.27,10,5.47,1
1.33,78.35,75.75,7,8.72,1
1.05,91.45,38.24,9,7.37,0
1.46,59.01,92.35,3,8.55,0
6.45,72.79,93.85,9,4.99,1
8.21,88.62,79.34,7,7.3,1
3.15,71.72,62.91,3,8.32,0
8.64,63.5,48.2,2,5.99,1
1.52,63.8,83.75,8,5.38,0
8.21,73.45,79.18,5,5.69,1
9.35,76.57,48.32,4,5.73,1
7.95,93.78,62.07,5,6.51,1
7.28,83.9,62.77,10,5.97,1
8.54,86.07,84.58,5,5.72,1
1.36,99.23,76.03,2,7.42,0
2.82,73.53,73.59,4,4.74,0
2.12,73.15,73.99,3,6.03,0
5.54,96.55,51.23,8,7.6,0
7.71,66.06,57.3,9,5.29,1
6.67,87.84,37.74,9,5.49,1
8.66,88.96,82.22,7,5.4,1
2.4,59.4,60.98,8,4.5,0
7.61,76.07,61.29,5,6.63,1
2.74,64.03,49.72,7,4.68,0
3.44,63.34,47.57,2,5.73,0
7.39,75.87,70.27,6,8.98,1
9.82,68.02,48.95,7,8.63,1
6.5,90.82,38.85,2,5.47,1
1.49,95.84,81.05,6,5.9,0
6.55,91.12,57.59,8,6.59,1
1.38,66.97,57.81,5,8.3,0
8.96,67.34,60.88,6,8.11,1
7.39,66.46,83.9,4,5.07,1
2.56,61.08,54.25,4,5.06,0
1.83,97.47,80.48,3,6.38,1
2.65,73.09,91.37,4,8.42,0
9.82,65.11,74.65,9,8.47,1
5.13,93.1,60.9,10,4.98,1
8.06,72.96,79.87,7,7.08,1
6.73,56.58,62.47,7,5.2,1
6.15,62.29,59.87,7,7.59,1
2.31,83.77,66.52,6,8.62,0
9.51,90.23,54.06,5,6.55,1
3.71,64.49,41.26,7,4.87,0
6.2,96.28,59.89,9,7.11,1
7.3,93.29,42.43,5,6.34,1
6.84,93.18,59.63,7,8.15,1
9.47,65.24,68.42,6,6.03,1
2.34,57.27,90.84,4,8.44,1
5.58,94.03,37.17,4,5.73,1
4.64,68.76,72.29,2,5.21,1
5.27,82.85,62.46,5,5.88,1
2.07,89.2,36.22,8,4.66,0
2.21,60.77,49.97,8,5.77,0
3.5,90.14,42.11,10,7.47,1
3.74,97.23,48.01,2,5.14,0
4.85,87.78,51.47,8,5.0,1
6.5,74.86,59.08,9,5.1,1
6.71,94.45,66.74,5,4.85,1
4.71,78.74,35.06,4,8.44,1
4.68,88.51,44.71,5,8.75,0
2.96,91.92,40.61,8,4.71,0
6.29,88.72,67.98,9,7.92,1
3.85,67.95,54.74,7,7.82,1
1.32,60.3,67.9,6,8.99,0
4.77,65.73,48.31,7,6.07,0
5.27,77.63,36.45,2,5.78,1
3.03,77.74,91.48,7,6.54,1
6.15,81.22,41.5,2,8.35,1
6.09,72.78,42.61,10,7.78,1
7.32,90.41,43.79,10,6.62,1
6.83,96.09,93.88,6,5.6,1
6.87,66.1,72.06,5,7.77,1
3.85,88.14,71.62,8,8.35,1
8.09,85.51,94.2,7,6.3,1
5.94,78.54,40.31,8,7.51,1
4.88,63.48,93.47,6,6.3,1
6.63,90.79,47.24,4,6.65,1
4.25,98.23,72.38,2,6.86,1
5.61,87.48,60.21,4,7.99,1
7.63,96.3,58.04,6,8.9,1
8.98,99.29,90.87,5,6.5,1
9.29,70.84,43.95,6,6.04,1
5.53,83.72,94.82,4,6.18,1
5.68,76.33,57.75,10,5.1,1
8.2,99.4,73.93,5,5.84,1
3.83,59.22,93.07,9,4.89,1
8.54,73.56,38.46,5,6.43,1
5.45,94.4,90.37,5,5.25,1
2.04,67.78,69.07,7,6.06,0
1.65,90.45,77.26,4,8.07,0
8.58,72.23,43.95,3,5.61,1
1.5,99.1,67.0,5,7.25,1
3.53,94.76,75.41,9,8.56,1
4.01,68.56,62.37,3,7.05,0
2.56,89.66,44.3,5,5.37,1
3.83,70.16,49.65,8,6.05,1
7.68,82.29,86.26,8,7.16,1
1.13,84.63,37.07,5,6.78,0
8.44,92.33,77.53,2,5.17,1
8.71,56.1,94.96,2,6.51,1
4.35,64.91,35.45,6,6.94,0
2.38,87.04,44.66,9,5.7,1
6.41,80.36,75.45,2,7.26,1
2.08,77.3,38.6,9,4.82,0
4.28,57.48,70.39,8,6.01,1
9.63,70.67,76.04,2,8.12,1
9.96,93.93,70.29,5,5.67,1
7.95,56.39,56.91,3,7.22,1
3.8,72.84,76.84,10,6.35,1
7.19,97.53,70.66,6,5.92,1
7.35,57.29,47.46,4,8.62,1
4.49,88.74,68.79,4,6.04,0
6.77,66.59,87.91,7,5.57,1
1.1,94.0,75.01,2,8.59,0
2.88,88.57,63.31,4,7.86,0
5.73,94.86,54.3,3,7.57,1
2.47,64.72,40.15,7,4.72,0
2.49,78.91,49.68,8,5.09,0
8.53,90.07,35.67,6,7.37,1
9.9,66.06,94.2,3,5.44,1
6.0,65.38,48.35,5,5.52,0
8.55,56.22,83.89,9,8.01,1
9.91,98.13,45.12,3,5.79,1
2.27,86.95,52.02,3,4.82,0
5.03,83.6,60.1,3,4.66,1
4.53,88.48,54.46,9,6.49,1
1.72,78.92,82.9,3,7.28,0
7.8,76.43,92.46,7,8.41,1
4.9,75.23,87.52,10,5.0,1
5.22,83.82,44.21,7,5.39,0
2.36,64.07,81.6,5,6.88,1
2.63,94.96,43.88,3,6.14,0
9.16,91.53,89.8,2,6.67,1
1.4,70.73,66.07,3,8.66,0
3.1,81.04,55.18,10,6.95,1
3.63,61.35,44.42,3,6.37,0
5.41,98.76,35.71,2,8.95,1
6.28,95.63,49.88,9,4.79,1
5.44,96.49,89.84,5,8.69,1
1.76,69.95,82.84,5,6.76,0
3.19,62.61,93.19,8,6.77,0
8.59,64.53,41.05,6,8.65,1
6.74,59.05,70.53,10,6.78,1
6.84,60.4,50.43,6,6.47,1
7.03,58.21,67.58,8,5.73,1
7.87,99.54,54.23,9,7.46,1
1.52,58.33,52.01,6,7.06,0
4.3,60.96,69.43,4,5.46,0
5.86,92.23,46.0,10,7.69,1
4.05,81.11,63.15,4,7.4,1
8.6,89.85,74.05,2,6.29,1
5.34,83.39,42.69,7,4.52,1
7.92,94.7,90.84,10,6.51,1
8.67,83.73,65.34,2,4.53,1
5.54,78.5,84.17,9,4.84,1
9.19,87.07,74.23,9,6.44,1
6.28,75.13,77.6,10,4.87,1
8.65,70.57,77.97,5,5.74,1
4.07,76.04,87.51,4,7.45,0
5.49,62.64,71.82,6,5.89,1
5.78,90.85,51.69,3,8.99,1
1.94,66.73,40.97,9,8.62,0
4.59,61.91,71.38,7,7.13,1
9.26,66.09,38.98,6,8.85,1
6.68,92.89,49.48,6,8.41,1
2.6,69.86,38.64,8,5.94,0
4.05,85.87,67.93,6,7.87,1
2.72,93.54,44.62,9,5.12,0
1.22,58.5,71.62,10,7.58,0
9.35,89.43,82.45,10,6.71,1
5.03,68.84,84.31,7,4.58,0
3.77,64.75,53.57,8,5.73,0
6.39,86.0,67.94,4,8.8,1
1.07,95.94,68.78,2,5.92,0
3.5,68.28,63.37,5,5.32,1
7.33,80.6,74.31,9,5.34,1
6.7,68.04,47.61,3,6.66,1
9.84,79.94,93.75,6,8.29,1
6.58,82.98,40.88,3,7.91,1
5.3,82.47,84.75,5,6.47,1
7.85,83.06,70.65,3,5.44,1
9.13,61.08,49.69,8,4.71,1
7.49,86.21,79.74,9,6.58,1
9.67,85.36,40.07,8,8.17,1
8.04,85.72,81.47,8,7.78,1
8.8,58.33,70.4,4,6.34,1
2.03,75.11,41.65,6,7.18,0
7.59,73.41,39.77,2,6.46,1
4.96,58.9,80.05,5,7.11,1
5.98,65.01,52.58,6,6.83,1
6.89,74.84,88.36,8,7.56,1
9.73,88.43,80.72,2,6.78,1
9.86,65.67,76.89,9,8.73,1
3.59,92.34,51.72,6,6.43,1
7.6,79.56,77.54,9,4.57,1
7.75,89.22,91.89,6,5.56,1
4.12,76.27,40.49,6,6.75,1
2.11,77.46,54.57,8,6.93,1
1.37,82.89,49.08,9,6.99,1
8.0,96.76,58.6,3,7.72,1
5.41,77.13,79.54,6,5.74,1
9.87,78.79,63.45,2,7.49,1
5.18,82.09,69.24,6,7.67,1
9.8,88.19,53.85,9,6.35,1
4.7,58.23,43.48,9,6.31,1
8.14,78.21,51.02,4,5.31,1
1.76,76.67,86.58,5,6.36,0
6.0,96.48,71.15,6,8.04,1
8.22,77.21,57.68,5,8.59,1
9.32,76.07,82.39,3,7.17,1
8.4,98.3,38.87,4,5.85,1
1.33,75.28,50.23,5,7.57,0
4.35,63.14,48.81,6,7.83,0
1.44,64.76,94.12,10,5.99,1
1.98,59.28,77.37,6,8.22,1
7.08,55.03,72.07,5,4.83,1
7.42,74.44,35.3,7,4.55,1
7.96,89.62,46.06,8,5.05,1
8.79,88.01,73.13,5,5.2,1
7.65,56.45,57.78,6,8.46,1
8.21,80.65,90.46,3,6.41,1
1.44,61.94,80.88,9,5.74,0
3.11,97.35,61.84,9,6.43,1
6.6,62.53,79.97,3,6.28,1
8.72,83.2,93.52,5,5.86,1
1.04,69.68,62.66,4,5.12,0
5.63,83.87,73.55,10,7.45,1
7.1,73.55,90.12,2,5.11,1
1.27,89.18,49.92,3,7.99,0
4.61,65.38,88.19,4,5.41,0
9.06,95.76,40.85,7,7.79,1
7.04,77.51,73.91,4,8.13,1
3.14,89.02,81.97,6,5.06,1
8.68,93.24,71.88,8,4.89,1
4.13,99.95,64.73,9,8.77,1
8.68,65.08,72.04,2,6.58,1
3.69,67.91,44.1,3,7.34,0
6.31,66.27,47.93,2,4.6,0
4.57,66.83,51.19,10,5.75,1
3.47,81.21,70.87,7,6.77,0
8.98,99.71,61.51,6,8.49,1
2.69,99.56,49.67,9,5.72,0
1.76,78.7,87.97,7,7.99,1
4.08,83.76,57.44,4,7.48,1
7.46,93.7,61.76,6,5.02,1
8.27,96.98,59.58,8,5.82,1
9.99,64.17,45.92,2,5.57,1
3.67,78.78,78.9,7,6.49,1
4.67,92.48,61.91,6,7.36,0
2.23,68.64,35.98,2,6.45,0
6.17,74.79,92.84,4,5.6,1
9.98,99.35,83.95,6,7.63,1
7.31,99.33,78.41,5,7.13,1
6.36,95.77,87.15,4,6.84,1
4.53,90.93,89.41,7,6.99,1
9.24,67.11,55.25,5,5.5,1
5.47,69.44,71.66,6,7.56,1
2.21,79.63,71.53,9,6.24,0
4.29,80.23,51.04,2,6.14,0
1.6,77.75,48.32,5,5.17,0
2.82,83.65,41.83,2,7.19,0
1.16,73.37,74.56,10,7.21,0
5.08,88.71,81.86,3,6.03,1
6.71,70.01,80.66,9,8.37,1
4.09,69.88,53.98,3,8.3,1
4.78,60.73,47.32,4,4.99,0
9.63,63.49,62.22,7,7.63,1
7.77,93.27,67.81,9,6.27,1
5.87,75.08,90.15,3,9.0,1
3.56,65.25,87.49,3,5.51,1
9.07,89.17,89.96,9,5.76,1
3.12,79.93,86.02,4,6.49,0
3.93,55.95,92.87,3,5.71,0
9.18,69.24,62.93,8,7.61,1
5.77,62.97,37.85,2,6.66,1
7.68,84.51,40.01,9,5.49,1
6.32,67.38,58.42,9,6.78,1
6.88,57.92,50.46,9,8.5,1
3.69,57.47,45.2,4,8.07,0
3.17,81.18,92.19,3,6.74,1
3.9,55.98,46.73,5,5.8,0
2.4,93.2,92.56,5,5.31,1
8.87,61.99,80.65,10,8.45,1
3.55,82.3,73.46,7,7.7,1
6.05,75.01,75.56,10,7.07,1
8.13,74.93,54.89,8,8.46,1
8.05,58.23,73.79,8,5.05,1
4.95,91.12,46.2,3,7.57,1
5.29,95.19,91.26,2,5.48,1
9.95,55.5,53.11,2,5.04,0
7.07,63.04,50.31,7,6.6,1
8.33,95.68,77.67,3,6.24,1
9.12,79.73,74.39,10,8.74,1
8.09,61.75,62.08,3,5.96,1
2.67,64.13,72.95,10,8.17,1
6.06,84.7,44.57,8,7.87,0
1.92,87.62,75.4,2,7.51,1
6.88,81.97,51.24,2,8.64,1
9.6,97.89,51.37,5,6.34,1
5.61,77.23,44.73,5,6.25,0
4.9,68.51,54.94,4,5.22,0
1.32,76.48,54.88,6,5.74,0
9.64,71.18,62.25,3,8.46,1
1.93,65.1,46.43,3,6.63,0
1.37,57.07,46.58,8,6.04,0
3.21,70.85,67.5,10,5.47,1
1.59,87.01,42.73,4,6.68,0
5.1,55.83,76.33,10,7.72,1
5.64,74.76,91.64,5,5.79,1
3.81,83.98,60.61,5,7.91,0
1.46,82.47,89.07,2,7.33,0
2.0,89.95,40.9,5,8.04,0
4.46,91.47,37.58,6,5.63,0
1.54,87.03,78.28,7,7.34,0
7.28,59.63,80.66,3,5.19,1
2.86,76.38,85.58,3,6.14,0
3.72,82.15,38.41,5,7.76,1
4.55,66.05,81.61,2,7.34,1
4.75,56.91,57.59,3,5.35,0
1.01,65.06,53.2,7,8.36,0
2.01,75.47,45.38,10,4.74,0
8.76,73.63,94.76,7,7.18,1
1.01,62.95,38.82,3,8.93,0
5.57,92.1,84.62,10,6.89,1
5.41,96.66,73.37,6,8.1,1
4.0,64.06,79.1,8,7.18,1
4.88,96.83,77.7,3,8.02,1
8.03,55.8,86.51,7,7.45,1
8.57,96.62,46.03,2,7.61,1
3.34,97.84,35.05,7,5.53,0
3.9,55.54,70.91,3,7.84,1
3.18,89.34,56.23,10,5.57,1
5.32,98.66,42.43,2,8.91,1
7.15,95.77,46.17,7,5.53,1
3.05,98.68,54.9,3,5.57,0
3.98,79.76,39.21,8,8.36,1
9.37,58.52,38.41,6,5.59,1
1.44,93.24,89.96,10,6.12,1
5.15,82.62,53.73,7,7.72,1
7.4,82.66,93.93,5,5.21,1
2.35,73.78,92.86,2,5.22,0
1.43,80.73,43.55,7,6.69,0
2.24,61.91,77.9,5,5.6,0
9.27,88.29,71.05,2,5.56,1
1.08,58.38,76.44,7,4.54,0
2.69,87.84,40.77,3,6.17,1
1.28,93.2,46.31,4,5.93,0
2.0,76.26,39.6,2,4.64,0
6.58,77.94,71.25,5,7.3,1
3.17,69.05,94.2,3,7.32,1
6.12,98.63,75.32,2,4.82,1
6.31,87.99,77.65,5,5.93,1
8.64,71.6,94.08,3,8.43,1
1.04,62.87,75.68,3,7.12,0
8.68,64.88,37.41,6,6.35,1
6.57,75.88,87.02,2,6.59,1
2.46,97.42,56.88,10,5.44,1
7.96,88.04,35.26,6,8.15,1
8.7,64.69,65.43,10,8.61,1
3.29,93.68,91.22,9,8.6,1
9.27,72.02,50.44,10,5.51,1
5.09,93.33,64.49,6,5.9,1
6.43,65.88,45.43,5,5.22,0
9.86,82.84,38.46,8,5.88,1
4.25,96.7,39.83,2,6.0,1
8.32,66.61,78.62,9,7.35,1
3.87,86.18,86.84,4,5.35,0
8.19,99.43,43.6,2,8.64,1
6.41,61.78,52.3,4,4.96,1
2.95,58.98,46.7,4,4.53,0
4.73,85.34,36.61,2,8.35,1
3.86,70.29,68.21,8,7.67,1
1.7,58.21,77.0,2,6.1,0
1.27,76.39,73.87,9,7.18,0
4.12,88.92,58.28,6,5.51,0
1.17,67.83,68.3,8,5.26,0
2.49,70.08,40.65,5,6.62,0
7.53,93.06,44.26,3,6.09,1
7.37,78.4,90.91,3,7.27,1
7.65,92.92,80.69,7,5.48,1
3.85,75.09,90.36,8,7.48,0
9.01,97.88,90.0,4,7.95,1
6.34,84.29,73.96,5,5.25,1
2.13,60.22,90.69,10,4.7,1
2.29,94.83,60.0,9,6.48,0
7.24,77.02,35.22,5,7.98,1
2.56,61.37,38.75,4,7.43,0
5.57,61.87,41.57,4,7.66,1
9.93,85.94,40.72,6,6.31,1
1.04,57.13,56.1,7,5.56,0
1.15,67.9,77.08,3,6.89,0
9.94,61.29,82.44,2,5.42,1
6.26,74.85,70.41,6,7.77,1
2.14,73.65,43.79,9,5.39,1
9.08,78.48,79.87,3,5.81,1
8.92,67.58,56.29,5,6.78,1
5.83,56.44,35.78,3,6.69,0
6.6,82.65,51.84,4,7.2,1
3.46,71.82,54.84,7,6.47,0
1.45,84.31,51.45,4,8.64,0
6.35,59.89,83.71,4,8.28,1
3.65,55.62,80.6,10,8.46,1
6.97,66.17,76.73,3,7.33,1
8.53,75.54,43.34,3,7.36,1
1.16,72.73,83.47,10,7.24,1
6.36,91.46,75.63,6,6.46,1
3.08,72.0,46.69,2,5.95,0
8.86,78.87,73.89,5,7.16,1
3.28,81.71,64.01,7,4.61,1
6.5,55.98,61.36,4,4.53,1
5.98,78.18,41.73,6,8.33,1
4.57,70.52,66.1,7,4.71,1
7.1,73.96,41.0,4,6.86,1
7.53,59.51,44.86,9,7.27,1
6.1,90.23,42.95,6,5.39,1
7.83,97.41,92.25,10,8.53,1
9.85,56.0,52.09,2,5.36,1
4.77,82.06,56.31,4,8.48,1
5.63,89.37,54.32,8,7.93,1
1.11,67.82,88.9,10,5.58,1
8.16,90.44,68.78,3,5.18,1
5.68,83.46,90.15,10,5.92,1
4.67,96.81,53.0,3,6.29,0
1.85,99.15,41.89,5,5.61,0
9.01,56.91,68.37,4,9.0,1
4.56,75.02,55.73,5,5.53,1
7.14,79.61,83.11,10,8.24,1
2.34,61.6,87.77,8,5.22,1
9.65,70.13,63.35,9,8.91,1
2.61,99.44,93.28,4,5.51,1
2.8,55.73,68.18,10,6.4,0
8.73,75.36,51.26,5,7.01,1
9.21,92.92,64.34,7,5.04,1
2.91,69.58,37.24,8,8.18,1
5.23,76.59,83.24,7,5.74,1
7.6,99.01,41.09,7,6.97,1
8.91,76.37,53.52,6,6.97,1
4.41,60.89,68.92,7,7.21,1
5.65,57.33,37.58,10,4.75,0
7.68,97.54,39.76,5,5.26,1
7.58,66.96,76.77,6,5.23,1
8.05,77.68,39.31,3,5.86,1
6.13,59.08,63.62,5,5.15,0
1.94,74.06,55.32,8,8.65,0
9.14,96.85,48.68,7,6.81,1
8.79,77.61,46.33,3,7.31,1
8.18,98.7,80.8,6,6.11,1
1.9,66.65,92.09,9,5.74,1
2.84,77.7,43.41,3,6.76,0
7.69,93.68,92.58,2,5.82,1
1.21,75.17,70.69,5,6.05,0
9.81,67.58,73.5,7,6.54,1
4.39,93.5,77.6,4,6.78,1
7.47,72.55,77.25,9,8.93,1
8.99,78.88,84.19,9,5.5,1
4.55,98.94,64.01,6,6.7,1
3.87,63.39,67.0,5,5.17,0
6.48,68.56,54.43,2,6.07,0
6.23,56.4,41.32,9,7.73,1
4.68,72.63,74.88,10,5.29,1
6.42,64.01,37.02,5,7.12,1
9.42,85.6,51.54,6,6.38,1
5.21,63.16,40.65,8,4.73,0
2.77,85.37,46.44,8,8.7,0
4.39,66.86,73.32,3,6.36,1
4.55,70.98,72.71,8,8.03,1
2.18,70.7,60.26,10,6.37,0
2.47,87.25,40.41,8,8.72,0
7.16,75.99,61.0,6,5.81,1
4.06,71.26,56.16,6,6.36,1
9.59,93.37,78.23,4,7.91,1
3.19,80.74,69.74,7,6.05,1
1.89,64.62,64.49,4,6.14,0
7.78,95.5,64.22,5,8.98,1
8.93,70.42,92.98,4,7.0,1
3.5,56.75,80.38,5,7.6,1
2.82,77.26,64.82,5,7.4,0
2.67,60.58,63.75,2,8.23,0
5.7,65.73,36.59,8,8.38,0
5.22,88.62,91.55,5,7.03,1
3.33,60.88,54.15,10,5.83,1
1.41,91.31,50.36,3,4.6,0
5.33,97.16,94.96,8,7.26,1
9.63,82.29,78.12,3,8.21,1
6.87,86.97,37.84,6,6.53,1
5.46,87.11,38.71,6,5.24,1
2.0,99.68,36.53,6,5.8,0
3.27,70.37,70.98,7,6.79,0
3.65,62.33,39.29,9,8.27,0
7.88,78.36,91.0,4,5.27,1
8.89,79.0,91.21,9,7.25,1
9.11,63.01,67.76,3,7.89,1
9.86,82.59,72.0,4,8.71,1
9.84,55.64,52.51,4,5.03,1
9.58,96.75,38.84,10,8.67,1
1.65,66.91,79.25,3,7.21,0
2.24,56.78,41.11,5,7.95,0
3.74,59.87,40.13,5,4.74,0
5.98,65.81,53.67,9,6.78,1
1.87,67.33,35.75,6,7.3,0
8.61,56.48,61.04,10,5.88,1
6.55,67.57,77.46,8,6.44,1
5.88,63.68,83.08,8,6.99,1
2.49,72.04,71.26,8,6.99,0
3.28,72.33,85.81,3,4.69,0
2.44,70.26,59.39,6,6.48,1
8.67,69.76,85.93,7,5.46,1
6.26,59.04,65.39,3,8.63,1
7.62,56.13,48.38,3,8.89,1
3.66,64.1,91.65,3,5.85,0
4.34,89.05,51.5,9,5.29,0
4.64,99.59,36.57,7,5.49,1
7.84,96.78,49.56,4,6.65,1
7.95,77.69,57.0,8,8.44,1
2.86,78.93,56.08,8,6.75,0
9.47,69.16,66.48,9,4.75,1
2.09,89.83,87.99,10,4.68,1
9.07,89.41,52.54,9,5.52,1
1.9,92.99,66.25,3,8.29,0
3.38,95.3,55.41,8,7.3,1
8.62,74.55,84.31,5,7.03,1
2.62,89.51,44.46,5,5.94,0
4.72,91.29,41.21,7,8.68,1
5.05,68.88,65.18,7,5.99,1
3.21,96.82,75.31,5,8.26,1
7.39,59.25,82.73,10,8.53,1
8.66,99.74,70.38,3,6.68,1
8.87,89.65,81.43,2,8.52,1
4.05,59.2,58.56,2,5.75,0
5.78,84.53,36.97,9,7.46,1
3.24,56.54,41.97,5,4.9,0
3.2,89.66,37.32,5,6.63,0
2.45,90.97,54.74,7,5.48,1
9.46,82.11,64.73,5,4.78,1
8.99,93.56,56.38,7,4.52,1
8.0,59.4,68.64,2,5.96,1
5.66,67.42,63.84,3,7.15,1
5.42,73.64,75.68,10,6.55,1
5.77,56.91,75.02,6,5.86,1
5.83,75.17,54.08,3,8.96,1
4.91,66.93,55.77,5,8.73,1
2.19,72.67,70.11,5,5.07,0
2.13,74.13,70.79,4,6.37,0
9.57,94.57,53.88,4,7.42,1
5.34,67.17,54.82,8,7.8,1
9.58,95.22,76.64,2,6.15,1
2.47,74.17,73.84,4,7.86,0
5.99,69.75,43.1,6,5.06,0
2.87,77.61,61.46,6,5.99,1
3.28,73.8,88.56,9,7.72,1
1.27,66.58,37.18,10,7.32,0
2.07,77.62,86.31,4,8.27,0
9.25,61.83,44.79,6,4.71,1
3.89,70.84,65.43,2,5.28,1
6.47,80.46,60.46,7,4.72,1
5.19,73.6,35.61,3,5.36,0
4.6,92.08,89.92,2,4.52,1
5.79,66.55,62.3,8,6.77,1
2.69,98.64,92.26,3,6.88,1
9.9,90.31,52.2,6,7.46,1
8.36,98.54,86.98,2,6.23,1
7.67,92.72,90.34,8,4.51,1
5.22,61.39,68.41,8,7.53,1
2.38,78.69,47.16,7,4.74,0
9.29,62.65,76.11,9,8.4,1
4.07,91.82,67.94,5,4.6,0
1.45,81.29,91.67,3,6.89,0
4.08,66.86,61.36,3,8.53,0
8.15,96.83,51.11,3,7.08,1
6.6,60.18,43.3,3,7.24,1
7.76,80.37,76.92,4,7.57,1
8.14,87.45,93.45,3,5.05,1
2.91,57.65,36.7,7,7.54,0
9.31,81.9,79.43,3,8.46,1
4.94,91.72,90.62,7,8.88,1
6.75,58.04,39.49,5,6.49,1
1.02,78.05,41.61,8,6.05,0
9.94,66.64,76.52,6,7.89,1
3.53,84.83,73.88,10,6.94,1
1.56,60.34,39.13,5,5.66,0
5.12,97.17,85.07,4,5.27,1
2.16,95.26,66.41,7,5.27,1
2.37,63.37,89.43,7,6.57,1
6.69,69.55,87.68,5,5.27,1
4.54,81.44,83.75,7,4.59,0
9.3,87.31,65.95,6,4.73,1
3.87,74.92,50.1,4,8.68,1
7.54,62.03,65.36,4,4.83,1
5.15,59.69,41.05,10,4.83,0
6.94,99.99,74.53,8,6.53,1
6.4,75.49,43.04,2,5.6,0
5.26,94.26,65.67,10,8.83,1
9.55,76.71,38.26,8,8.6,1
4.08,96.51,52.97,2,6.32,0
2.6,58.95,48.92,8,6.52,0
7.1,60.13,72.2,7,6.19,1
8.61,96.83,82.21,10,4.67,1
1.36,97.64,38.44,6,5.82,0
5.05,69.16,86.02,6,5.05,1
9.03,70.98,86.65,4,4.96,1
7.75,75.36,55.54,4,7.02,1
9.93,73.73,74.54,7,4.94,1
5.78,63.55,59.16,9,4.96,1
6.94,95.43,44.25,10,6.66,1
3.72,66.4,66.72,8,6.49,0
9.53,86.74,40.18,7,5.12,1
4.3,58.02,87.71,6,4.52,0
7.65,56.74,90.46,5,5.37,1
4.63,84.42,84.3,8,5.56,1
6.06,70.26,68.75,4,8.1,1
7.48,84.5,68.46,4,8.62,1
5.58,59.23,94.08,9,6.33,1
9.16,97.74,49.87,7,6.32,1
4.77,88.68,39.56,5,7.71,1
6.82,94.43,68.72,9,7.32,1
4.08,61.14,54.73,10,5.33,1
4.67,69.41,54.34,4,4.98,1
4.96,71.58,35.43,6,6.47,0
2.13,79.17,70.77,6,7.04,1
1.83,68.36,50.84,8,5.12,1
7.01,57.73,46.27,10,5.82,1
6.9,71.6,37.43,6,5.88,1
6.97,66.45,56.86,9,5.68,1
1.18,72.37,87.74,7,6.57,0
3.94,63.86,55.2,9,7.44,1
2.78,66.79,75.74,5,6.79,0
8.0,83.21,80.39,5,5.41,1
8.75,72.47,54.69,5,4.96,1
3.22,70.54,84.3,10,8.2,1
7.01,79.03,76.51,7,6.66,1
2.16,89.73,68.55,3,4.78,1
3.48,72.05,35.06,2,5.66,0
2.25,81.44,37.11,6,8.12,0
3.55,98.48,94.45,9,7.88,1
7.07,78.49,81.94,6,8.44,1
9.19,95.94,91.25,7,7.21,1
2.82,90.72,89.14,9,6.4,1
5.88,57.64,36.23,6,6.42,0
7.31,74.31,82.51,10,5.37,1
9.58,86.42,62.07,7,7.43,1
6.49,99.4,82.37,8,7.13,1
3.3,75.63,35.4,9,5.2,0
6.63,59.18,52.29,7,8.49,1
3.88,80.29,80.08,2,6.16,1
9.79,60.7,82.58,5,4.72,1
4.6,88.82,72.18,3,5.98,1
7.17,77.85,53.08,6,8.41,1
1.21,87.55,53.62,3,8.63,0
4.6,94.12,93.01,6,6.71,1
8.88,83.3,61.35,5,8.8,1
6.49,82.56,61.83,2,8.44,1
5.0,88.96,68.14,3,8.21,1
9.42,92.91,59.57,6,8.37,1
8.69,94.11,68.16,2,6.22,1
3.9,56.64,60.94,9,7.9,1
5.9,80.03,84.6,8,7.1,1
5.41,64.73,89.54,8,7.74,1
6.69,93.72,90.93,3,5.3,1
4.01,84.18,68.86,9,7.79,1
3.2,73.91,61.53,7,8.81,1
9.21,63.46,77.31,5,5.86,1
9.31,70.26,85.3,2,8.94,1
8.59,86.67,68.78,6,6.2,1
9.8,64.2,77.0,9,5.4,1
7.7,59.21,79.98,2,5.01,1
7.88,94.96,75.58,2,8.03,1
7.86,89.39,79.77,5,7.0,1
5.33,63.99,47.52,6,5.88,0
5.11,68.15,64.9,6,7.24,1
3.16,98.74,70.3,5,5.99,0
6.8,86.87,35.15,4,6.52,1
3.6,82.47,86.36,2,8.38,1
3.32,68.84,71.6,2,7.51,0
6.27,68.46,42.75,2,7.93,0
4.69,56.78,83.98,8,7.13,1
2.97,87.78,78.02,9,8.96,1
8.34,56.94,80.5,5,5.59,1
8.75,55.22,58.52,2,5.68,1
2.51,87.83,86.25,5,4.92,1
1.07,97.7,59.84,10,6.99,0
4.03,89.04,69.23,4,7.26,1
8.18,76.22,35.04,6,7.77,1
8.55,76.87,73.69,6,6.01,1
2.24,74.63,78.09,4,4.56,0
7.97,69.61,69.03,5,7.35,1
2.04,78.48,64.79,6,8.99,0
4.51,74.4,83.6,6,5.83,1
9.99,81.92,75.88,8,5.33,1
2.73,95.42,51.68,7,5.77,0
2.39,99.78,92.54,2,6.41,1
4.81,58.54,77.44,2,5.63,1
6.58,72.31,94.28,5,6.06,1
9.4,63.13,93.28,10,7.37,1
9.83,70.85,90.13,2,6.05,1
1.63,67.94,80.32,2,6.28,0
2.24,62.85,71.57,8,4.68,0
8.12,89.38,45.33,6,8.63,1
3.44,77.33,67.6,4,6.33,1
8.96,96.37,80.92,3,5.98,1
6.97,56.47,66.25,7,4.89,1
2.01,58.01,87.09,6,7.35,0
8.49,73.15,41.58,7,8.39,1
2.59,58.61,57.86,4,4.69,0
4.81,66.82,65.36,6,5.15,0
5.97,99.37,60.94,9,5.16,1
5.51,64.4,41.52,4,7.21,1
7.18,63.92,44.21,5,8.65,1
6.87,80.81,85.26,3,6.47,1
9.93,77.41,64.06,7,6.05,1
9.99,81.12,37.92,2,7.95,1
5.65,71.95,35.99,4,7.84,1
1.86,92.2,63.41,8,5.61,0
7.55,61.24,44.86,2,5.22,1
9.79,74.28,77.31,10,6.11,1
3.86,86.04,82.72,5,7.99,1
5.15,94.07,48.7,5,7.63,1
4.82,71.63,70.53,6,7.5,1
1.46,80.55,44.27,7,8.23,0
7.05,58.11,53.21,6,5.75,1
4.18,62.66,88.33,9,6.03,0
8.09,58.11,67.65,10,4.69,1
8.49,87.75,88.15,3,8.41,1
8.39,67.96,48.51,8,7.12,1
4.75,87.57,54.8,4,5.84,1
3.89,57.99,63.26,10,4.81,1
7.74,93.81,63.8,4,7.76,1
8.21,92.6,94.86,4,7.87,1
5.42,59.0,41.87,8,7.5,0
9.04,56.07,86.12,9,5.42,1
2.3,57.53,86.82,3,8.61,0
8.91,93.41,68.19,7,7.89,1
1.86,65.56,55.64,5,7.46,0
2.38,79.67,66.15,7,7.43,0
5.8,74.18,52.55,7,8.57,1
1.61,90.8,82.95,10,8.68,1
1.48,77.0,64.9,10,7.18,0
1.0,77.53,90.55,7,6.38,0
4.93,99.51,72.36,8,6.14,1
7.97,61.76,65.86,10,8.19,1
1.31,92.38,77.66,3,7.4,0
6.87,57.33,65.24,8,4.85,1
8.41,76.49,89.27,8,5.14,1
2.51,94.89,46.07,3,8.55,1
2.32,84.93,93.4,9,8.48,1
8.75,85.83,83.73,8,8.78,1
8.41,66.85,86.64,5,6.43,1
5.85,73.84,63.97,6,8.03,1
8.37,71.5,85.23,6,8.23,1
1.83,78.46,53.41,10,5.92,0
4.55,75.8,80.72,10,5.15,1
7.64,69.71,43.43,9,8.99,1
3.32,68.75,53.42,7,4.64,1
7.77,66.29,61.74,2,7.19,1
5.54,71.43,54.34,10,7.43,1
7.75,61.75,58.22,3,7.57,1
5.18,94.24,84.21,3,5.65,1
4.31,82.1,50.4,2,7.75,1
2.97,61.02,79.72,10,5.47,1
2.88,86.22,39.42,6,8.23,0
7.76,93.14,80.94,4,5.49,1
2.07,65.69,82.52,2,7.64,0
1.77,61.78,59.1,5,8.03,0
2.59,55.39,78.35,8,5.35,0
2.58,57.13,89.91,10,5.57,1
8.41,89.3,83.04,6,8.01,1
4.59,99.42,58.43,7,4.89,1
9.91,57.02,64.05,9,5.36,1
2.23,88.66,81.76,10,6.55,1
6.88,58.23,52.56,4,8.69,1
5.04,81.65,83.23,10,7.03,1
4.54,89.02,54.68,6,6.24,0
8.88,71.16,83.36,10,8.9,1
9.78,55.49,40.21,3,6.59,1
8.86,81.78,37.66,2,6.45,1
2.73,99.61,94.86,9,6.35,1
2.99,66.59,87.17,8,5.9,1
6.9,63.53,87.97,3,5.97,1
3.6,60.58,92.08,10,7.6,1
7.61,79.99,61.3,2,4.68,1
